-- Customers Table Data
INSERT INTO Customers (CustomerID, Name, City, JoinDate, Age) VALUES
(1, 'Derrick Johnson', 'Tinaland', '2025-12-11', 58),
(2, 'Christina Pittman', 'Courtneytown', '2025-01-01', 58),
(3, 'Russell Harrington', 'West Jonathonfurt', '2025-05-28', 41),
(4, 'Juan Pearson', 'Christopherport', '2024-01-09', 41),
(5, 'Luke Garcia', 'Andrestad', '2024-01-29', 43),
(6, 'Crystal Hernandez', 'Hayesberg', '2024-12-19', 55),
(7, 'David Brown', 'Port Samuel', '2025-08-30', 30),
(8, 'Tina Evans', 'Jamesmouth', '2024-09-11', 22),
(9, 'Christine Warren', 'North Paulfurt', '2025-05-05', 37),
(10, 'Christopher Bailey', 'South David', '2025-06-02', 20),
(11, 'Joe Martinez', 'Lemouth', '2025-09-30', 34),
(12, 'Michael Taylor', 'South Manuelton', '2025-11-12', 18),
(13, 'Randall Robles', 'Johnsonmouth', '2024-12-19', 57),
(14, 'Larry Edwards', 'Amymouth', '2024-12-21', 44),
(15, 'Veronica Hayden', 'Mooreville', '2025-03-11', 26),
(16, 'Christopher Martinez', 'Kristamouth', '2025-08-02', 23),
(17, 'Sierra Arias', 'South Mariaburgh', '2024-01-21', 18),
(18, 'Brittany Morris', 'Port Deborah', '2024-05-19', 25),
(19, 'Gail Sharp', 'Christopherfurt', '2024-08-16', 58),
(20, 'Richard Johnson', 'North Christopherborough', '2025-12-13', 60),
(21, 'Chase Wallace', 'West Danielle', '2024-02-19', 58),
(22, 'Kim Rosales', 'Kaylaport', '2025-03-15', 54),
(23, 'Teresa French', 'East Mirandachester', '2024-09-27', 30),
(24, 'Terri Glass', 'New Steven', '2024-03-05', 22),
(25, 'Tyler Rhodes', 'South Patriciastad', '2024-05-07', 55),
(26, 'Erica Meyers PhD', 'Youngberg', '2024-12-06', 42),
(27, 'Adam Santos', 'Floresside', '2025-09-30', 31),
(28, 'Micheal Ray', 'West Jasmine', '2025-04-01', 35),
(29, 'Holly Saunders MD', 'East Adamshire', '2024-02-20', 40),
(30, 'Kimberly Roberson', 'Thorntonfurt', '2025-09-09', 54),
(31, 'Corey Garcia', 'Ricardoberg', '2025-04-16', 24),
(32, 'Robert Rogers', 'New Christophermouth', '2024-08-19', 43),
(33, 'Chad Jackson', 'Lake William', '2024-04-08', 53),
(34, 'Gregory Miller', 'Stanleyville', '2025-02-15', 21),
(35, 'James Murphy', 'Martinezborough', '2024-09-04', 18),
(36, 'Jonathan Cummings', 'Lake Johnathan', '2024-03-05', 29),
(37, 'Lawrence Webb', 'West John', '2024-05-24', 44),
(38, 'Nathan Thompson', 'Espinozabury', '2024-10-30', 31),
(39, 'Sarah Torres', 'Floresview', '2025-09-04', 35),
(40, 'Sandra Ferrell', 'New Jaredburgh', '2024-07-15', 23),
(41, 'Tara Lee', 'South Aliciamouth', '2024-09-24', 59),
(42, 'Terri Mcguire', 'South Reginald', '2025-01-27', 18),
(43, 'Latoya Rhodes', 'West Melissa', '2025-05-14', 47),
(44, 'Bradley Howard', 'North Joshuastad', '2024-07-24', 42),
(45, 'Jordan Lynch', 'New Sarahside', '2025-11-02', 35),
(46, 'Michael Howard', 'North Jessicashire', '2024-03-23', 54),
(47, 'Brandon Carson', 'South Michaelberg', '2024-04-05', 24),
(48, 'Penny Thomas', 'East Craigbury', '2025-10-28', 44),
(49, 'Mark Armstrong', 'New Kimberlyton', '2024-09-17', 46),
(50, 'Joshua Tucker', 'Lake Amyfort', '2025-04-08', 47);

-- Products Table Data
INSERT INTO Products (ProductID, ProductName, Category, Price) VALUES
(101, 'Laptop', 'Electronics', 50000),
(102, 'Headphones', 'Electronics', 1500),
(103, 'Notebook', 'Stationery', 50),
(104, 'Smartphone', 'Electronics', 30000),
(105, 'Backpack', 'Accessories', 1200),
(106, 'Pen', 'Stationery', 20),
(107, 'Desk Lamp', 'Furniture', 800),
(108, 'Chair', 'Furniture', 3500),
(109, 'Tablet', 'Electronics', 25000),
(110, 'Monitor', 'Electronics', 10000);

-- Sales Table Data
INSERT INTO Sales (SaleID, CustomerID, ProductID, SaleDate, Quantity) VALUES
(1, 18, 109, '2025-04-12', 1),
(2, 33, 108, '2025-01-27', 4),
(3, 15, 105, '2025-08-28', 5),
(4, 42, 101, '2025-04-04', 1),
(5, 20, 101, '2025-04-08', 2),
(6, 30, 107, '2024-12-31', 3),
(7, 39, 108, '2025-08-09', 1),
(8, 35, 104, '2025-12-22', 5),
(9, 50, 109, '2025-12-25', 2),
(10, 23, 104, '2025-02-03', 1),
(11, 19, 108, '2025-12-22', 3),
(12, 18, 103, '2025-08-03', 1),
(13, 40, 104, '2025-02-09', 4),
(14, 6, 101, '2025-11-17', 1),
(15, 24, 109, '2025-12-25', 2),
(16, 3, 109, '2025-12-07', 1),
(17, 13, 104, '2025-11-05', 5),
(18, 18, 109, '2025-05-26', 2),
(19, 39, 110, '2025-12-08', 5),
(20, 43, 107, '2025-03-16', 3),
(21, 25, 107, '2025-05-22', 4),
(22, 12, 102, '2024-12-28', 1),
(23, 42, 105, '2025-12-03', 4),
(24, 33, 107, '2025-11-04', 2),
(25, 2, 108, '2025-01-14', 3),
(26, 27, 105, '2025-09-26', 5),
(27, 32, 103, '2025-08-19', 2),
(28, 39, 110, '2025-10-07', 5),
(29, 13, 107, '2025-01-08', 4),
(30, 12, 102, '2025-11-26', 3),
(31, 38, 109, '2025-06-01', 3),
(32, 26, 101, '2025-08-07', 2),
(33, 5, 107, '2025-06-09', 3),
(34, 42, 106, '2025-02-26', 3),
(35, 42, 110, '2025-10-10', 3),
(36, 34, 109, '2025-06-17', 5),
(37, 31, 109, '2025-08-14', 5),
(38, 44, 103, '2025-05-16', 4),
(39, 36, 109, '2025-07-08', 5),
(40, 43, 104, '2025-08-22', 5),
(41, 21, 104, '2025-10-30', 4),
(42, 5, 109, '2025-05-02', 3),
(43, 24, 104, '2025-09-29', 1),
(44, 24, 106, '2025-10-11', 4),
(45, 12, 107, '2025-11-15', 2),
(46, 7, 103, '2025-01-09', 1),
(47, 42, 108, '2025-11-10', 5),
(48, 19, 107, '2025-09-11', 4),
(49, 25, 101, '2025-02-18', 2),
(50, 3, 101, '2025-08-05', 4),
(51, 21, 107, '2025-11-21', 3),
(52, 28, 107, '2025-03-14', 2),
(53, 8, 109, '2025-05-08', 2),
(54, 23, 107, '2025-02-16', 1),
(55, 5, 102, '2025-03-25', 3),
(56, 36, 104, '2025-04-21', 5),
(57, 22, 107, '2025-07-02', 3),
(58, 31, 106, '2025-08-17', 4),
(59, 37, 107, '2025-09-21', 4),
(60, 47, 101, '2025-04-18', 2),
(61, 48, 103, '2025-08-30', 5),
(62, 30, 101, '2025-02-06', 5),
(63, 20, 101, '2025-11-28', 3),
(64, 40, 108, '2025-02-01', 4),
(65, 3, 105, '2025-01-28', 5),
(66, 33, 101, '2025-01-11', 4),
(67, 13, 110, '2025-03-30', 5),
(68, 47, 102, '2025-06-12', 4),
(69, 49, 101, '2025-03-07', 2),
(70, 42, 108, '2025-09-17', 5),
(71, 34, 103, '2025-04-11', 4),
(72, 31, 108, '2025-10-26', 2),
(73, 34, 109, '2025-09-24', 3),
(74, 49, 108, '2025-03-09', 1),
(75, 32, 102, '2025-12-24', 4),
(76, 42, 103, '2025-12-11', 5),
(77, 20, 104, '2025-12-13', 4),
(78, 50, 103, '2025-05-07', 3),
(79, 14, 108, '2025-03-20', 4),
(80, 24, 101, '2025-02-25', 1),
(81, 34, 110, '2025-07-18', 1),
(82, 9, 110, '2025-02-02', 2),
(83, 11, 109, '2025-03-10', 1),
(84, 44, 104, '2025-06-24', 2),
(85, 38, 107, '2025-07-13', 5),
(86, 8, 103, '2025-08-12', 5),
(87, 1, 109, '2025-04-03', 5),
(88, 48, 104, '2025-06-14', 2),
(89, 6, 108, '2025-04-29', 1),
(90, 48, 109, '2025-09-06', 2),
(91, 27, 108, '2025-04-02', 1),
(92, 23, 103, '2025-02-05', 3),
(93, 6, 103, '2025-08-06', 5),
(94, 10, 101, '2025-01-22', 1),
(95, 3, 102, '2024-12-28', 5),
(96, 28, 109, '2025-08-29', 2),
(97, 28, 105, '2025-10-11', 5),
(98, 26, 104, '2025-01-06', 3),
(99, 10, 102, '2025-10-01', 3),
(100, 12, 109, '2025-06-13', 2);

